Dyad,Condition,Role,Node,Strength
dyad11,elicit,baby,S1,6.745
dyad11,elicit,baby,S2,7.852
dyad11,elicit,baby,S3,7.21
dyad11,elicit,baby,S4,6.078
dyad11,elicit,baby,S5,10.129
dyad11,elicit,baby,S6,7.982
dyad11,elicit,baby,S7,8.943
dyad11,elicit,baby,S8,5.846
dyad11,elicit,baby,S9,8.956
dyad11,elicit,baby,S10,8.059
dyad11,elicit,baby,S11,9.579
dyad11,elicit,baby,S12,9.176
dyad11,elicit,baby,S13,7.257
dyad11,elicit,baby,S14,9.886
dyad11,elicit,baby,S15,8.72
dyad11,elicit,baby,S16,4.835
dyad11,elicit,baby,S17,7.567
dyad11,elicit,baby,S18,8.738
dyad11,elicit,perant,S1,10.258
dyad11,elicit,perant,S2,7.508
dyad11,elicit,perant,S3,6.163
dyad11,elicit,perant,S4,8.896
dyad11,elicit,perant,S5,7.099
dyad11,elicit,perant,S6,7.103
dyad11,elicit,perant,S7,4.427
dyad11,elicit,perant,S8,7.642
dyad11,elicit,perant,S9,1.346
dyad11,elicit,perant,S10,8.27
dyad11,elicit,perant,S11,8.879
dyad11,elicit,perant,S12,9.358
dyad11,elicit,perant,S13,9.303
dyad11,elicit,perant,S14,9.734
dyad11,elicit,perant,S15,5.768
dyad11,elicit,perant,S16,7.499
dyad11,elicit,perant,S17,6.353
dyad11,elicit,perant,S18,4.684
dyad11,free,baby,S1,4.079
dyad11,free,baby,S2,9.288
dyad11,free,baby,S3,3.528
dyad11,free,baby,S4,7.964
dyad11,free,baby,S5,9.757
dyad11,free,baby,S6,8.256
dyad11,free,baby,S7,7.931
dyad11,free,baby,S8,9.092
dyad11,free,baby,S9,8.971
dyad11,free,baby,S10,9.089
dyad11,free,baby,S11,8.947
dyad11,free,baby,S12,5.246
dyad11,free,baby,S13,7.261
dyad11,free,baby,S14,9.016
dyad11,free,baby,S15,5.201
dyad11,free,baby,S16,6.267
dyad11,free,baby,S17,6.72
dyad11,free,baby,S18,7.471
dyad11,free,perant,S1,4.957
dyad11,free,perant,S2,7.156
dyad11,free,perant,S3,7.748
dyad11,free,perant,S4,7.775
dyad11,free,perant,S5,4.977
dyad11,free,perant,S6,7.86
dyad11,free,perant,S7,6.434
dyad11,free,perant,S8,7.201
dyad11,free,perant,S9,5.621
dyad11,free,perant,S10,5.016
dyad11,free,perant,S11,6.129
dyad11,free,perant,S12,6.504
dyad11,free,perant,S13,7.821
dyad11,free,perant,S14,7.197
dyad11,free,perant,S15,7.072
dyad11,free,perant,S16,7.035
dyad11,free,perant,S17,5.508
dyad11,free,perant,S18,7.071
dyad11,instruct,baby,S1,5.428
dyad11,instruct,baby,S2,4.87
dyad11,instruct,baby,S3,4.653
dyad11,instruct,baby,S4,5.078
dyad11,instruct,baby,S5,3.342
dyad11,instruct,baby,S6,4.198
dyad11,instruct,baby,S7,5.045
dyad11,instruct,baby,S8,5.117
dyad11,instruct,baby,S9,4.96
dyad11,instruct,baby,S10,4.837
dyad11,instruct,baby,S11,4.981
dyad11,instruct,baby,S12,6.131
dyad11,instruct,baby,S13,6.292
dyad11,instruct,baby,S14,6.533
dyad11,instruct,baby,S15,5.757
dyad11,instruct,baby,S16,4.941
dyad11,instruct,baby,S17,4.203
dyad11,instruct,baby,S18,2.739
dyad11,instruct,perant,S1,11.516
dyad11,instruct,perant,S2,9.48
dyad11,instruct,perant,S3,9.951
dyad11,instruct,perant,S4,8.393
dyad11,instruct,perant,S5,10.242
dyad11,instruct,perant,S6,10.796
dyad11,instruct,perant,S7,7.756
dyad11,instruct,perant,S8,11.391
dyad11,instruct,perant,S9,8.086
dyad11,instruct,perant,S10,8.698
dyad11,instruct,perant,S11,7.971
dyad11,instruct,perant,S12,7.774
dyad11,instruct,perant,S13,10.757
dyad11,instruct,perant,S14,10.384
dyad11,instruct,perant,S15,9.991
dyad11,instruct,perant,S16,11.116
dyad11,instruct,perant,S17,10.81
dyad11,instruct,perant,S18,9.814
dyad13,elicit,baby,S1,3.067
dyad13,elicit,baby,S2,3.814
dyad13,elicit,baby,S3,4.675
dyad13,elicit,baby,S4,7.243
dyad13,elicit,baby,S5,5.538
dyad13,elicit,baby,S6,4.954
dyad13,elicit,baby,S7,3.185
dyad13,elicit,baby,S8,6.325
dyad13,elicit,baby,S9,5.514
dyad13,elicit,baby,S10,4.026
dyad13,elicit,baby,S11,4.982
dyad13,elicit,baby,S12,5.363
dyad13,elicit,baby,S13,4.77
dyad13,elicit,baby,S14,3.707
dyad13,elicit,baby,S15,4.891
dyad13,elicit,baby,S16,3.008
dyad13,elicit,baby,S17,7.268
dyad13,elicit,baby,S18,4.408
dyad13,elicit,perant,S1,9.251
dyad13,elicit,perant,S2,6.175
dyad13,elicit,perant,S3,7.865
dyad13,elicit,perant,S4,9.594
dyad13,elicit,perant,S5,5.916
dyad13,elicit,perant,S6,6.145
dyad13,elicit,perant,S7,6.659
dyad13,elicit,perant,S8,8.926
dyad13,elicit,perant,S9,6.49
dyad13,elicit,perant,S10,1.345
dyad13,elicit,perant,S11,8.691
dyad13,elicit,perant,S12,7.946
dyad13,elicit,perant,S13,7.175
dyad13,elicit,perant,S14,6.857
dyad13,elicit,perant,S15,7.934
dyad13,elicit,perant,S16,1.499
dyad13,elicit,perant,S17,8.536
dyad13,elicit,perant,S18,8.61
dyad13,free,baby,S1,5.814
dyad13,free,baby,S2,7.563
dyad13,free,baby,S3,4.548
dyad13,free,baby,S4,5.456
dyad13,free,baby,S5,2.536
dyad13,free,baby,S6,7.204
dyad13,free,baby,S7,2.95
dyad13,free,baby,S8,6.07
dyad13,free,baby,S9,5.363
dyad13,free,baby,S10,5.483
dyad13,free,baby,S11,4.248
dyad13,free,baby,S12,6.519
dyad13,free,baby,S13,3.89
dyad13,free,baby,S14,5.134
dyad13,free,baby,S15,4.973
dyad13,free,baby,S16,4.114
dyad13,free,baby,S17,1.976
dyad13,free,baby,S18,5.697
dyad13,free,perant,S1,6.213
dyad13,free,perant,S2,5.011
dyad13,free,perant,S3,4.613
dyad13,free,perant,S4,4.249
dyad13,free,perant,S5,5.159
dyad13,free,perant,S6,4.442
dyad13,free,perant,S7,4.295
dyad13,free,perant,S8,5.514
dyad13,free,perant,S9,4.733
dyad13,free,perant,S10,5.994
dyad13,free,perant,S11,7.076
dyad13,free,perant,S12,5.698
dyad13,free,perant,S13,7.955
dyad13,free,perant,S14,7.105
dyad13,free,perant,S15,7.23
dyad13,free,perant,S16,3.701
dyad13,free,perant,S17,6.567
dyad13,free,perant,S18,7.006
dyad13,instruct,baby,S1,3.924
dyad13,instruct,baby,S2,4.832
dyad13,instruct,baby,S3,4.549
dyad13,instruct,baby,S4,8.048
dyad13,instruct,baby,S5,6.907
dyad13,instruct,baby,S6,7.798
dyad13,instruct,baby,S7,5.893
dyad13,instruct,baby,S8,5.438
dyad13,instruct,baby,S9,7.523
dyad13,instruct,baby,S10,2.77
dyad13,instruct,baby,S11,5.154
dyad13,instruct,baby,S12,4.967
dyad13,instruct,baby,S13,8.274
dyad13,instruct,baby,S14,3.541
dyad13,instruct,baby,S15,5.059
dyad13,instruct,baby,S16,4.684
dyad13,instruct,baby,S17,7.495
dyad13,instruct,baby,S18,6.523
dyad13,instruct,perant,S1,7.061
dyad13,instruct,perant,S2,4.869
dyad13,instruct,perant,S3,6.213
dyad13,instruct,perant,S4,4.742
dyad13,instruct,perant,S5,6.28
dyad13,instruct,perant,S6,5.521
dyad13,instruct,perant,S7,5.954
dyad13,instruct,perant,S8,6.893
dyad13,instruct,perant,S9,5.961
dyad13,instruct,perant,S10,3.91
dyad13,instruct,perant,S11,5.159
dyad13,instruct,perant,S12,6.193
dyad13,instruct,perant,S13,5.996
dyad13,instruct,perant,S14,6.963
dyad13,instruct,perant,S15,7.128
dyad13,instruct,perant,S16,7.456
dyad13,instruct,perant,S17,7.09
dyad13,instruct,perant,S18,7.662
dyad19,elicit,baby,S1,4.611
dyad19,elicit,baby,S2,4.916
dyad19,elicit,baby,S3,4.604
dyad19,elicit,baby,S4,2.924
dyad19,elicit,baby,S5,3.975
dyad19,elicit,baby,S6,3.429
dyad19,elicit,baby,S7,3.367
dyad19,elicit,baby,S8,4.487
dyad19,elicit,baby,S9,3.266
dyad19,elicit,baby,S10,5.055
dyad19,elicit,baby,S11,4.021
dyad19,elicit,baby,S12,4.377
dyad19,elicit,baby,S13,4.479
dyad19,elicit,baby,S14,1.454
dyad19,elicit,baby,S15,4.72
dyad19,elicit,baby,S16,1.308
dyad19,elicit,baby,S17,2.417
dyad19,elicit,baby,S18,2.9
dyad19,elicit,perant,S1,2.316
dyad19,elicit,perant,S2,2.509
dyad19,elicit,perant,S3,7.763
dyad19,elicit,perant,S4,4.258
dyad19,elicit,perant,S5,9.038
dyad19,elicit,perant,S6,9.03
dyad19,elicit,perant,S7,4.108
dyad19,elicit,perant,S8,7.457
dyad19,elicit,perant,S9,7.391
dyad19,elicit,perant,S10,4.417
dyad19,elicit,perant,S11,8.183
dyad19,elicit,perant,S12,8.468
dyad19,elicit,perant,S13,6.741
dyad19,elicit,perant,S14,8.547
dyad19,elicit,perant,S15,10.084
dyad19,elicit,perant,S16,9.785
dyad19,elicit,perant,S17,8.448
dyad19,elicit,perant,S18,7.904
dyad19,free,baby,S1,5.0
dyad19,free,baby,S2,4.857
dyad19,free,baby,S3,4.015
dyad19,free,baby,S4,3.907
dyad19,free,baby,S5,1.839
dyad19,free,baby,S6,3.964
dyad19,free,baby,S7,5.158
dyad19,free,baby,S8,4.481
dyad19,free,baby,S9,6.25
dyad19,free,baby,S10,5.21
dyad19,free,baby,S11,4.043
dyad19,free,baby,S12,4.893
dyad19,free,baby,S13,4.487
dyad19,free,baby,S14,3.647
dyad19,free,baby,S15,2.405
dyad19,free,baby,S16,2.334
dyad19,free,baby,S17,4.41
dyad19,free,baby,S18,2.086
dyad19,free,perant,S1,6.316
dyad19,free,perant,S2,2.19
dyad19,free,perant,S3,5.576
dyad19,free,perant,S4,3.171
dyad19,free,perant,S5,4.357
dyad19,free,perant,S6,4.926
dyad19,free,perant,S7,3.598
dyad19,free,perant,S8,2.114
dyad19,free,perant,S9,2.51
dyad19,free,perant,S10,6.398
dyad19,free,perant,S11,8.353
dyad19,free,perant,S12,6.677
dyad19,free,perant,S13,6.325
dyad19,free,perant,S14,7.325
dyad19,free,perant,S15,8.253
dyad19,free,perant,S16,8.799
dyad19,free,perant,S17,7.591
dyad19,free,perant,S18,7.705
dyad19,instruct,baby,S1,4.583
dyad19,instruct,baby,S2,5.395
dyad19,instruct,baby,S3,5.982
dyad19,instruct,baby,S4,4.774
dyad19,instruct,baby,S5,1.733
dyad19,instruct,baby,S6,6.341
dyad19,instruct,baby,S7,6.548
dyad19,instruct,baby,S8,3.639
dyad19,instruct,baby,S9,7.136
dyad19,instruct,baby,S10,4.77
dyad19,instruct,baby,S11,6.013
dyad19,instruct,baby,S12,7.182
dyad19,instruct,baby,S13,4.85
dyad19,instruct,baby,S14,5.58
dyad19,instruct,baby,S15,5.618
dyad19,instruct,baby,S16,5.306
dyad19,instruct,baby,S17,6.438
dyad19,instruct,baby,S18,2.012
dyad19,instruct,perant,S1,2.44
dyad19,instruct,perant,S2,2.753
dyad19,instruct,perant,S3,7.067
dyad19,instruct,perant,S4,3.226
dyad19,instruct,perant,S5,7.053
dyad19,instruct,perant,S6,5.708
dyad19,instruct,perant,S7,8.453
dyad19,instruct,perant,S8,6.28
dyad19,instruct,perant,S9,6.123
dyad19,instruct,perant,S10,4.914
dyad19,instruct,perant,S11,5.157
dyad19,instruct,perant,S12,3.449
dyad19,instruct,perant,S13,4.045
dyad19,instruct,perant,S14,5.101
dyad19,instruct,perant,S15,7.622
dyad19,instruct,perant,S16,7.936
dyad19,instruct,perant,S17,5.409
dyad19,instruct,perant,S18,6.563
dyad21,elicit,baby,S1,5.832
dyad21,elicit,baby,S2,7.851
dyad21,elicit,baby,S3,5.487
dyad21,elicit,baby,S4,6.058
dyad21,elicit,baby,S5,5.267
dyad21,elicit,baby,S6,5.579
dyad21,elicit,baby,S7,5.824
dyad21,elicit,baby,S8,6.147
dyad21,elicit,baby,S9,6.639
dyad21,elicit,baby,S10,6.138
dyad21,elicit,baby,S11,6.528
dyad21,elicit,baby,S12,6.615
dyad21,elicit,baby,S13,7.214
dyad21,elicit,baby,S14,4.016
dyad21,elicit,baby,S15,3.641
dyad21,elicit,baby,S16,4.649
dyad21,elicit,baby,S17,5.92
dyad21,elicit,baby,S18,5.99
dyad21,elicit,perant,S1,3.454
dyad21,elicit,perant,S2,3.629
dyad21,elicit,perant,S3,3.352
dyad21,elicit,perant,S4,2.395
dyad21,elicit,perant,S5,1.307
dyad21,elicit,perant,S6,1.0
dyad21,elicit,perant,S7,1.0
dyad21,elicit,perant,S8,1.0
dyad21,elicit,perant,S9,1.0
dyad21,elicit,perant,S10,1.348
dyad21,elicit,perant,S11,1.0
dyad21,elicit,perant,S12,2.473
dyad21,elicit,perant,S13,1.0
dyad21,elicit,perant,S14,1.0
dyad21,elicit,perant,S15,1.0
dyad21,elicit,perant,S16,1.0
dyad21,elicit,perant,S17,1.0
dyad21,elicit,perant,S18,1.0
dyad21,free,baby,S1,6.148
dyad21,free,baby,S2,9.731
dyad21,free,baby,S3,8.831
dyad21,free,baby,S4,8.036
dyad21,free,baby,S5,7.458
dyad21,free,baby,S6,6.473
dyad21,free,baby,S7,6.898
dyad21,free,baby,S8,10.636
dyad21,free,baby,S9,8.963
dyad21,free,baby,S10,7.843
dyad21,free,baby,S11,7.807
dyad21,free,baby,S12,7.055
dyad21,free,baby,S13,7.992
dyad21,free,baby,S14,7.091
dyad21,free,baby,S15,3.982
dyad21,free,baby,S16,6.207
dyad21,free,baby,S17,7.274
dyad21,free,baby,S18,7.365
dyad21,free,perant,S1,4.006
dyad21,free,perant,S2,3.804
dyad21,free,perant,S3,2.596
dyad21,free,perant,S4,3.663
dyad21,free,perant,S5,1.0
dyad21,free,perant,S6,1.0
dyad21,free,perant,S7,1.0
dyad21,free,perant,S8,1.0
dyad21,free,perant,S9,1.0
dyad21,free,perant,S10,2.899
dyad21,free,perant,S11,2.039
dyad21,free,perant,S12,1.403
dyad21,free,perant,S13,1.0
dyad21,free,perant,S14,1.0
dyad21,free,perant,S15,1.0
dyad21,free,perant,S16,1.0
dyad21,free,perant,S17,1.0
dyad21,free,perant,S18,1.0
dyad21,instruct,baby,S1,5.381
dyad21,instruct,baby,S2,7.694
dyad21,instruct,baby,S3,8.201
dyad21,instruct,baby,S4,7.431
dyad21,instruct,baby,S5,7.781
dyad21,instruct,baby,S6,4.929
dyad21,instruct,baby,S7,4.403
dyad21,instruct,baby,S8,8.284
dyad21,instruct,baby,S9,6.033
dyad21,instruct,baby,S10,6.24
dyad21,instruct,baby,S11,7.442
dyad21,instruct,baby,S12,6.428
dyad21,instruct,baby,S13,6.315
dyad21,instruct,baby,S14,6.211
dyad21,instruct,baby,S15,3.599
dyad21,instruct,baby,S16,4.778
dyad21,instruct,baby,S17,7.303
dyad21,instruct,baby,S18,6.498
dyad21,instruct,perant,S1,2.792
dyad21,instruct,perant,S2,2.933
dyad21,instruct,perant,S3,2.528
dyad21,instruct,perant,S4,1.981
dyad21,instruct,perant,S5,1.0
dyad21,instruct,perant,S6,1.0
dyad21,instruct,perant,S7,1.0
dyad21,instruct,perant,S8,1.0
dyad21,instruct,perant,S9,1.0
dyad21,instruct,perant,S10,1.33
dyad21,instruct,perant,S11,1.0
dyad21,instruct,perant,S12,1.0
dyad21,instruct,perant,S13,1.0
dyad21,instruct,perant,S14,1.0
dyad21,instruct,perant,S15,1.0
dyad21,instruct,perant,S16,1.0
dyad21,instruct,perant,S17,1.0
dyad21,instruct,perant,S18,1.0
dyad22,elicit,baby,S1,6.876
dyad22,elicit,baby,S2,6.21
dyad22,elicit,baby,S3,4.905
dyad22,elicit,baby,S4,5.947
dyad22,elicit,baby,S5,3.436
dyad22,elicit,baby,S6,5.548
dyad22,elicit,baby,S7,5.424
dyad22,elicit,baby,S8,6.678
dyad22,elicit,baby,S9,1.806
dyad22,elicit,baby,S10,7.356
dyad22,elicit,baby,S11,4.05
dyad22,elicit,baby,S12,7.208
dyad22,elicit,baby,S13,4.051
dyad22,elicit,baby,S14,6.21
dyad22,elicit,baby,S15,5.334
dyad22,elicit,baby,S16,7.229
dyad22,elicit,baby,S17,5.756
dyad22,elicit,baby,S18,7.451
dyad22,elicit,perant,S1,5.512
dyad22,elicit,perant,S2,1.395
dyad22,elicit,perant,S3,1.0
dyad22,elicit,perant,S4,1.0
dyad22,elicit,perant,S5,1.0
dyad22,elicit,perant,S6,2.588
dyad22,elicit,perant,S7,1.984
dyad22,elicit,perant,S8,6.153
dyad22,elicit,perant,S9,2.27
dyad22,elicit,perant,S10,5.731
dyad22,elicit,perant,S11,6.262
dyad22,elicit,perant,S12,5.251
dyad22,elicit,perant,S13,4.958
dyad22,elicit,perant,S14,4.518
dyad22,elicit,perant,S15,6.641
dyad22,elicit,perant,S16,6.233
dyad22,elicit,perant,S17,1.0
dyad22,elicit,perant,S18,4.063
dyad22,free,baby,S1,7.228
dyad22,free,baby,S2,4.827
dyad22,free,baby,S3,6.564
dyad22,free,baby,S4,5.837
dyad22,free,baby,S5,4.147
dyad22,free,baby,S6,5.962
dyad22,free,baby,S7,5.394
dyad22,free,baby,S8,7.446
dyad22,free,baby,S9,4.706
dyad22,free,baby,S10,4.59
dyad22,free,baby,S11,3.686
dyad22,free,baby,S12,4.354
dyad22,free,baby,S13,3.363
dyad22,free,baby,S14,7.217
dyad22,free,baby,S15,5.906
dyad22,free,baby,S16,5.01
dyad22,free,baby,S17,5.018
dyad22,free,baby,S18,6.157
dyad22,free,perant,S1,5.547
dyad22,free,perant,S2,1.3
dyad22,free,perant,S3,1.0
dyad22,free,perant,S4,1.0
dyad22,free,perant,S5,1.0
dyad22,free,perant,S6,1.571
dyad22,free,perant,S7,2.044
dyad22,free,perant,S8,6.555
dyad22,free,perant,S9,1.923
dyad22,free,perant,S10,5.355
dyad22,free,perant,S11,6.958
dyad22,free,perant,S12,6.278
dyad22,free,perant,S13,5.147
dyad22,free,perant,S14,6.07
dyad22,free,perant,S15,7.161
dyad22,free,perant,S16,6.668
dyad22,free,perant,S17,1.0
dyad22,free,perant,S18,4.879
dyad22,instruct,baby,S1,6.156
dyad22,instruct,baby,S2,5.074
dyad22,instruct,baby,S3,3.111
dyad22,instruct,baby,S4,4.071
dyad22,instruct,baby,S5,4.613
dyad22,instruct,baby,S6,3.822
dyad22,instruct,baby,S7,5.675
dyad22,instruct,baby,S8,6.532
dyad22,instruct,baby,S9,2.668
dyad22,instruct,baby,S10,8.179
dyad22,instruct,baby,S11,1.824
dyad22,instruct,baby,S12,8.233
dyad22,instruct,baby,S13,5.429
dyad22,instruct,baby,S14,8.049
dyad22,instruct,baby,S15,7.91
dyad22,instruct,baby,S16,6.353
dyad22,instruct,baby,S17,5.508
dyad22,instruct,baby,S18,7.385
dyad22,instruct,perant,S1,4.463
dyad22,instruct,perant,S2,4.019
dyad22,instruct,perant,S3,1.0
dyad22,instruct,perant,S4,1.0
dyad22,instruct,perant,S5,1.0
dyad22,instruct,perant,S6,3.411
dyad22,instruct,perant,S7,1.421
dyad22,instruct,perant,S8,6.33
dyad22,instruct,perant,S9,1.0
dyad22,instruct,perant,S10,4.524
dyad22,instruct,perant,S11,7.13
dyad22,instruct,perant,S12,6.987
dyad22,instruct,perant,S13,5.684
dyad22,instruct,perant,S14,6.761
dyad22,instruct,perant,S15,6.914
dyad22,instruct,perant,S16,6.97
dyad22,instruct,perant,S17,1.0
dyad22,instruct,perant,S18,6.106
dyad24,elicit,baby,S1,4.004
dyad24,elicit,baby,S2,1.335
dyad24,elicit,baby,S3,4.06
dyad24,elicit,baby,S4,4.08
dyad24,elicit,baby,S5,4.576
dyad24,elicit,baby,S6,5.163
dyad24,elicit,baby,S7,5.043
dyad24,elicit,baby,S8,5.585
dyad24,elicit,baby,S9,4.684
dyad24,elicit,baby,S10,3.902
dyad24,elicit,baby,S11,4.293
dyad24,elicit,baby,S12,4.55
dyad24,elicit,baby,S13,4.015
dyad24,elicit,baby,S14,4.091
dyad24,elicit,baby,S15,2.819
dyad24,elicit,baby,S16,3.331
dyad24,elicit,baby,S17,2.596
dyad24,elicit,baby,S18,3.907
dyad24,elicit,perant,S1,9.081
dyad24,elicit,perant,S2,9.317
dyad24,elicit,perant,S3,8.751
dyad24,elicit,perant,S4,9.361
dyad24,elicit,perant,S5,4.924
dyad24,elicit,perant,S6,6.363
dyad24,elicit,perant,S7,5.694
dyad24,elicit,perant,S8,8.976
dyad24,elicit,perant,S9,7.949
dyad24,elicit,perant,S10,9.387
dyad24,elicit,perant,S11,8.868
dyad24,elicit,perant,S12,8.653
dyad24,elicit,perant,S13,10.483
dyad24,elicit,perant,S14,11.047
dyad24,elicit,perant,S15,9.038
dyad24,elicit,perant,S16,3.658
dyad24,elicit,perant,S17,9.022
dyad24,elicit,perant,S18,8.979
dyad24,free,baby,S1,5.75
dyad24,free,baby,S2,2.659
dyad24,free,baby,S3,5.596
dyad24,free,baby,S4,5.256
dyad24,free,baby,S5,5.147
dyad24,free,baby,S6,6.338
dyad24,free,baby,S7,4.988
dyad24,free,baby,S8,4.962
dyad24,free,baby,S9,5.998
dyad24,free,baby,S10,6.729
dyad24,free,baby,S11,4.545
dyad24,free,baby,S12,4.955
dyad24,free,baby,S13,4.236
dyad24,free,baby,S14,6.15
dyad24,free,baby,S15,6.625
dyad24,free,baby,S16,4.257
dyad24,free,baby,S17,7.97
dyad24,free,baby,S18,3.432
dyad24,free,perant,S1,10.977
dyad24,free,perant,S2,9.62
dyad24,free,perant,S3,10.47
dyad24,free,perant,S4,11.173
dyad24,free,perant,S5,7.644
dyad24,free,perant,S6,5.113
dyad24,free,perant,S7,9.831
dyad24,free,perant,S8,10.719
dyad24,free,perant,S9,9.934
dyad24,free,perant,S10,10.946
dyad24,free,perant,S11,8.159
dyad24,free,perant,S12,9.877
dyad24,free,perant,S13,11.424
dyad24,free,perant,S14,11.333
dyad24,free,perant,S15,8.251
dyad24,free,perant,S16,3.112
dyad24,free,perant,S17,11.111
dyad24,free,perant,S18,9.083
dyad24,instruct,baby,S1,4.264
dyad24,instruct,baby,S2,1.0
dyad24,instruct,baby,S3,5.121
dyad24,instruct,baby,S4,6.108
dyad24,instruct,baby,S5,5.735
dyad24,instruct,baby,S6,5.742
dyad24,instruct,baby,S7,6.78
dyad24,instruct,baby,S8,6.696
dyad24,instruct,baby,S9,8.43
dyad24,instruct,baby,S10,5.792
dyad24,instruct,baby,S11,5.028
dyad24,instruct,baby,S12,4.237
dyad24,instruct,baby,S13,5.169
dyad24,instruct,baby,S14,5.593
dyad24,instruct,baby,S15,5.055
dyad24,instruct,baby,S16,6.595
dyad24,instruct,baby,S17,5.04
dyad24,instruct,baby,S18,4.871
dyad24,instruct,perant,S1,5.059
dyad24,instruct,perant,S2,6.764
dyad24,instruct,perant,S3,4.845
dyad24,instruct,perant,S4,5.78
dyad24,instruct,perant,S5,3.051
dyad24,instruct,perant,S6,3.713
dyad24,instruct,perant,S7,6.707
dyad24,instruct,perant,S8,5.445
dyad24,instruct,perant,S9,6.505
dyad24,instruct,perant,S10,6.661
dyad24,instruct,perant,S11,5.841
dyad24,instruct,perant,S12,6.302
dyad24,instruct,perant,S13,8.729
dyad24,instruct,perant,S14,7.331
dyad24,instruct,perant,S15,5.769
dyad24,instruct,perant,S16,3.065
dyad24,instruct,perant,S17,7.268
dyad24,instruct,perant,S18,4.651
dyad25,elicit,baby,S1,6.761
dyad25,elicit,baby,S2,6.07
dyad25,elicit,baby,S3,3.904
dyad25,elicit,baby,S4,6.6
dyad25,elicit,baby,S5,5.568
dyad25,elicit,baby,S6,7.839
dyad25,elicit,baby,S7,4.05
dyad25,elicit,baby,S8,6.728
dyad25,elicit,baby,S9,4.307
dyad25,elicit,baby,S10,4.442
dyad25,elicit,baby,S11,6.348
dyad25,elicit,baby,S12,6.758
dyad25,elicit,baby,S13,6.185
dyad25,elicit,baby,S14,6.739
dyad25,elicit,baby,S15,5.687
dyad25,elicit,baby,S16,6.04
dyad25,elicit,baby,S17,8.364
dyad25,elicit,baby,S18,8.38
dyad25,elicit,perant,S1,5.289
dyad25,elicit,perant,S2,1.71
dyad25,elicit,perant,S3,5.108
dyad25,elicit,perant,S4,3.822
dyad25,elicit,perant,S5,5.037
dyad25,elicit,perant,S6,7.415
dyad25,elicit,perant,S7,6.145
dyad25,elicit,perant,S8,6.594
dyad25,elicit,perant,S9,7.445
dyad25,elicit,perant,S10,3.115
dyad25,elicit,perant,S11,3.337
dyad25,elicit,perant,S12,5.941
dyad25,elicit,perant,S13,4.107
dyad25,elicit,perant,S14,5.921
dyad25,elicit,perant,S15,6.508
dyad25,elicit,perant,S16,7.503
dyad25,elicit,perant,S17,5.074
dyad25,elicit,perant,S18,6.431
dyad25,free,baby,S1,6.659
dyad25,free,baby,S2,5.341
dyad25,free,baby,S3,5.753
dyad25,free,baby,S4,5.826
dyad25,free,baby,S5,5.688
dyad25,free,baby,S6,8.837
dyad25,free,baby,S7,6.153
dyad25,free,baby,S8,7.109
dyad25,free,baby,S9,6.917
dyad25,free,baby,S10,9.217
dyad25,free,baby,S11,8.007
dyad25,free,baby,S12,5.101
dyad25,free,baby,S13,7.738
dyad25,free,baby,S14,5.343
dyad25,free,baby,S15,7.146
dyad25,free,baby,S16,4.65
dyad25,free,baby,S17,9.602
dyad25,free,baby,S18,6.453
dyad25,free,perant,S1,7.65
dyad25,free,perant,S2,2.398
dyad25,free,perant,S3,7.849
dyad25,free,perant,S4,3.043
dyad25,free,perant,S5,2.595
dyad25,free,perant,S6,9.986
dyad25,free,perant,S7,8.775
dyad25,free,perant,S8,9.481
dyad25,free,perant,S9,9.36
dyad25,free,perant,S10,9.244
dyad25,free,perant,S11,8.821
dyad25,free,perant,S12,8.412
dyad25,free,perant,S13,6.918
dyad25,free,perant,S14,6.266
dyad25,free,perant,S15,8.539
dyad25,free,perant,S16,9.436
dyad25,free,perant,S17,9.479
dyad25,free,perant,S18,9.936
dyad25,instruct,baby,S1,5.007
dyad25,instruct,baby,S2,5.242
dyad25,instruct,baby,S3,3.475
dyad25,instruct,baby,S4,5.91
dyad25,instruct,baby,S5,5.232
dyad25,instruct,baby,S6,5.51
dyad25,instruct,baby,S7,4.337
dyad25,instruct,baby,S8,4.753
dyad25,instruct,baby,S9,3.792
dyad25,instruct,baby,S10,5.247
dyad25,instruct,baby,S11,5.262
dyad25,instruct,baby,S12,3.551
dyad25,instruct,baby,S13,7.178
dyad25,instruct,baby,S14,3.899
dyad25,instruct,baby,S15,6.083
dyad25,instruct,baby,S16,5.034
dyad25,instruct,baby,S17,7.111
dyad25,instruct,baby,S18,6.668
dyad25,instruct,perant,S1,9.744
dyad25,instruct,perant,S2,5.256
dyad25,instruct,perant,S3,4.762
dyad25,instruct,perant,S4,3.093
dyad25,instruct,perant,S5,2.029
dyad25,instruct,perant,S6,8.827
dyad25,instruct,perant,S7,8.295
dyad25,instruct,perant,S8,9.255
dyad25,instruct,perant,S9,9.07
dyad25,instruct,perant,S10,5.467
dyad25,instruct,perant,S11,10.487
dyad25,instruct,perant,S12,8.518
dyad25,instruct,perant,S13,6.884
dyad25,instruct,perant,S14,7.986
dyad25,instruct,perant,S15,9.364
dyad25,instruct,perant,S16,9.371
dyad25,instruct,perant,S17,10.377
dyad25,instruct,perant,S18,9.126
dyad31,elicit,baby,S1,5.372
dyad31,elicit,baby,S2,3.742
dyad31,elicit,baby,S3,2.165
dyad31,elicit,baby,S4,3.879
dyad31,elicit,baby,S5,4.316
dyad31,elicit,baby,S6,3.255
dyad31,elicit,baby,S7,5.173
dyad31,elicit,baby,S8,4.527
dyad31,elicit,baby,S9,2.808
dyad31,elicit,baby,S10,6.59
dyad31,elicit,baby,S11,7.547
dyad31,elicit,baby,S12,5.323
dyad31,elicit,baby,S13,5.67
dyad31,elicit,baby,S14,4.896
dyad31,elicit,baby,S15,5.706
dyad31,elicit,baby,S16,1.825
dyad31,elicit,baby,S17,6.158
dyad31,elicit,baby,S18,6.1
dyad31,elicit,perant,S1,5.917
dyad31,elicit,perant,S2,8.811
dyad31,elicit,perant,S3,6.957
dyad31,elicit,perant,S4,5.38
dyad31,elicit,perant,S5,6.797
dyad31,elicit,perant,S6,6.355
dyad31,elicit,perant,S7,6.042
dyad31,elicit,perant,S8,8.516
dyad31,elicit,perant,S9,7.487
dyad31,elicit,perant,S10,4.531
dyad31,elicit,perant,S11,8.678
dyad31,elicit,perant,S12,5.56
dyad31,elicit,perant,S13,6.005
dyad31,elicit,perant,S14,5.37
dyad31,elicit,perant,S15,4.292
dyad31,elicit,perant,S16,5.946
dyad31,elicit,perant,S17,6.43
dyad31,elicit,perant,S18,5.26
dyad31,free,baby,S1,2.921
dyad31,free,baby,S2,5.038
dyad31,free,baby,S3,5.367
dyad31,free,baby,S4,3.725
dyad31,free,baby,S5,4.642
dyad31,free,baby,S6,2.996
dyad31,free,baby,S7,4.917
dyad31,free,baby,S8,5.337
dyad31,free,baby,S9,3.072
dyad31,free,baby,S10,4.846
dyad31,free,baby,S11,6.577
dyad31,free,baby,S12,6.361
dyad31,free,baby,S13,6.983
dyad31,free,baby,S14,5.447
dyad31,free,baby,S15,4.471
dyad31,free,baby,S16,5.402
dyad31,free,baby,S17,5.138
dyad31,free,baby,S18,4.683
dyad31,free,perant,S1,4.215
dyad31,free,perant,S2,8.197
dyad31,free,perant,S3,10.582
dyad31,free,perant,S4,9.811
dyad31,free,perant,S5,8.798
dyad31,free,perant,S6,9.531
dyad31,free,perant,S7,8.551
dyad31,free,perant,S8,10.01
dyad31,free,perant,S9,7.984
dyad31,free,perant,S10,6.789
dyad31,free,perant,S11,7.197
dyad31,free,perant,S12,7.029
dyad31,free,perant,S13,10.574
dyad31,free,perant,S14,8.461
dyad31,free,perant,S15,9.777
dyad31,free,perant,S16,9.313
dyad31,free,perant,S17,10.478
dyad31,free,perant,S18,10.608
dyad31,instruct,baby,S1,4.261
dyad31,instruct,baby,S2,6.524
dyad31,instruct,baby,S3,8.49
dyad31,instruct,baby,S4,5.126
dyad31,instruct,baby,S5,5.9
dyad31,instruct,baby,S6,5.087
dyad31,instruct,baby,S7,9.45
dyad31,instruct,baby,S8,8.096
dyad31,instruct,baby,S9,7.147
dyad31,instruct,baby,S10,7.204
dyad31,instruct,baby,S11,7.95
dyad31,instruct,baby,S12,8.03
dyad31,instruct,baby,S13,6.149
dyad31,instruct,baby,S14,5.554
dyad31,instruct,baby,S15,8.434
dyad31,instruct,baby,S16,8.906
dyad31,instruct,baby,S17,8.522
dyad31,instruct,baby,S18,6.677
dyad31,instruct,perant,S1,4.44
dyad31,instruct,perant,S2,6.901
dyad31,instruct,perant,S3,4.098
dyad31,instruct,perant,S4,4.78
dyad31,instruct,perant,S5,2.96
dyad31,instruct,perant,S6,4.625
dyad31,instruct,perant,S7,5.353
dyad31,instruct,perant,S8,7.499
dyad31,instruct,perant,S9,8.038
dyad31,instruct,perant,S10,5.889
dyad31,instruct,perant,S11,8.127
dyad31,instruct,perant,S12,2.653
dyad31,instruct,perant,S13,4.452
dyad31,instruct,perant,S14,3.63
dyad31,instruct,perant,S15,5.896
dyad31,instruct,perant,S16,3.113
dyad31,instruct,perant,S17,8.436
dyad31,instruct,perant,S18,7.978
dyad34,elicit,baby,S1,4.811
dyad34,elicit,baby,S2,6.425
dyad34,elicit,baby,S3,2.605
dyad34,elicit,baby,S4,5.744
dyad34,elicit,baby,S5,8.442
dyad34,elicit,baby,S6,5.315
dyad34,elicit,baby,S7,5.5
dyad34,elicit,baby,S8,6.407
dyad34,elicit,baby,S9,5.17
dyad34,elicit,baby,S10,3.31
dyad34,elicit,baby,S11,5.499
dyad34,elicit,baby,S12,5.669
dyad34,elicit,baby,S13,5.381
dyad34,elicit,baby,S14,7.091
dyad34,elicit,baby,S15,4.102
dyad34,elicit,baby,S16,5.375
dyad34,elicit,baby,S17,6.275
dyad34,elicit,baby,S18,4.883
dyad34,elicit,perant,S1,2.446
dyad34,elicit,perant,S2,2.931
dyad34,elicit,perant,S3,2.59
dyad34,elicit,perant,S4,1.0
dyad34,elicit,perant,S5,1.0
dyad34,elicit,perant,S6,1.0
dyad34,elicit,perant,S7,1.0
dyad34,elicit,perant,S8,1.0
dyad34,elicit,perant,S9,1.0
dyad34,elicit,perant,S10,1.39
dyad34,elicit,perant,S11,1.0
dyad34,elicit,perant,S12,1.0
dyad34,elicit,perant,S13,1.0
dyad34,elicit,perant,S14,1.0
dyad34,elicit,perant,S15,1.0
dyad34,elicit,perant,S16,1.0
dyad34,elicit,perant,S17,1.0
dyad34,elicit,perant,S18,1.0
dyad34,free,baby,S1,4.011
dyad34,free,baby,S2,6.567
dyad34,free,baby,S3,3.638
dyad34,free,baby,S4,5.854
dyad34,free,baby,S5,4.889
dyad34,free,baby,S6,5.685
dyad34,free,baby,S7,4.872
dyad34,free,baby,S8,5.246
dyad34,free,baby,S9,6.169
dyad34,free,baby,S10,2.953
dyad34,free,baby,S11,6.66
dyad34,free,baby,S12,5.761
dyad34,free,baby,S13,3.261
dyad34,free,baby,S14,5.78
dyad34,free,baby,S15,4.708
dyad34,free,baby,S16,4.657
dyad34,free,baby,S17,4.511
dyad34,free,baby,S18,6.039
dyad34,free,perant,S1,2.982
dyad34,free,perant,S2,3.284
dyad34,free,perant,S3,3.438
dyad34,free,perant,S4,1.979
dyad34,free,perant,S5,1.0
dyad34,free,perant,S6,1.0
dyad34,free,perant,S7,1.0
dyad34,free,perant,S8,1.0
dyad34,free,perant,S9,1.0
dyad34,free,perant,S10,2.785
dyad34,free,perant,S11,1.489
dyad34,free,perant,S12,1.0
dyad34,free,perant,S13,1.0
dyad34,free,perant,S14,1.0
dyad34,free,perant,S15,1.0
dyad34,free,perant,S16,1.0
dyad34,free,perant,S17,1.0
dyad34,free,perant,S18,1.0
dyad34,instruct,baby,S1,3.453
dyad34,instruct,baby,S2,4.435
dyad34,instruct,baby,S3,3.173
dyad34,instruct,baby,S4,2.859
dyad34,instruct,baby,S5,3.852
dyad34,instruct,baby,S6,4.078
dyad34,instruct,baby,S7,3.483
dyad34,instruct,baby,S8,4.444
dyad34,instruct,baby,S9,3.816
dyad34,instruct,baby,S10,2.563
dyad34,instruct,baby,S11,2.95
dyad34,instruct,baby,S12,4.06
dyad34,instruct,baby,S13,4.412
dyad34,instruct,baby,S14,4.028
dyad34,instruct,baby,S15,4.383
dyad34,instruct,baby,S16,4.751
dyad34,instruct,baby,S17,3.147
dyad34,instruct,baby,S18,4.302
dyad34,instruct,perant,S1,2.254
dyad34,instruct,perant,S2,2.935
dyad34,instruct,perant,S3,2.966
dyad34,instruct,perant,S4,2.561
dyad34,instruct,perant,S5,1.0
dyad34,instruct,perant,S6,1.0
dyad34,instruct,perant,S7,1.0
dyad34,instruct,perant,S8,1.0
dyad34,instruct,perant,S9,1.0
dyad34,instruct,perant,S10,1.753
dyad34,instruct,perant,S11,1.366
dyad34,instruct,perant,S12,1.0
dyad34,instruct,perant,S13,1.0
dyad34,instruct,perant,S14,1.0
dyad34,instruct,perant,S15,1.0
dyad34,instruct,perant,S16,1.0
dyad34,instruct,perant,S17,1.0
dyad34,instruct,perant,S18,1.0
dyad38,elicit,baby,S1,2.05
dyad38,elicit,baby,S2,6.495
dyad38,elicit,baby,S3,5.772
dyad38,elicit,baby,S4,3.946
dyad38,elicit,baby,S5,6.295
dyad38,elicit,baby,S6,5.501
dyad38,elicit,baby,S7,3.078
dyad38,elicit,baby,S8,3.473
dyad38,elicit,baby,S9,4.99
dyad38,elicit,baby,S10,3.153
dyad38,elicit,baby,S11,6.382
dyad38,elicit,baby,S12,6.025
dyad38,elicit,baby,S13,6.246
dyad38,elicit,baby,S14,6.515
dyad38,elicit,baby,S15,3.347
dyad38,elicit,baby,S16,1.334
dyad38,elicit,baby,S17,5.583
dyad38,elicit,baby,S18,5.022
dyad38,elicit,perant,S1,1.825
dyad38,elicit,perant,S2,4.808
dyad38,elicit,perant,S3,7.529
dyad38,elicit,perant,S4,6.963
dyad38,elicit,perant,S5,5.712
dyad38,elicit,perant,S6,5.152
dyad38,elicit,perant,S7,7.352
dyad38,elicit,perant,S8,1.0
dyad38,elicit,perant,S9,1.353
dyad38,elicit,perant,S10,4.711
dyad38,elicit,perant,S11,5.623
dyad38,elicit,perant,S12,7.238
dyad38,elicit,perant,S13,6.537
dyad38,elicit,perant,S14,6.765
dyad38,elicit,perant,S15,5.945
dyad38,elicit,perant,S16,6.102
dyad38,elicit,perant,S17,5.731
dyad38,elicit,perant,S18,5.123
dyad38,free,baby,S1,4.379
dyad38,free,baby,S2,3.911
dyad38,free,baby,S3,3.649
dyad38,free,baby,S4,3.865
dyad38,free,baby,S5,6.011
dyad38,free,baby,S6,6.736
dyad38,free,baby,S7,3.674
dyad38,free,baby,S8,3.725
dyad38,free,baby,S9,4.545
dyad38,free,baby,S10,2.874
dyad38,free,baby,S11,5.297
dyad38,free,baby,S12,5.803
dyad38,free,baby,S13,6.281
dyad38,free,baby,S14,6.428
dyad38,free,baby,S15,4.889
dyad38,free,baby,S16,2.375
dyad38,free,baby,S17,5.743
dyad38,free,baby,S18,4.647
dyad38,free,perant,S1,4.026
dyad38,free,perant,S2,4.987
dyad38,free,perant,S3,4.475
dyad38,free,perant,S4,7.082
dyad38,free,perant,S5,3.656
dyad38,free,perant,S6,6.961
dyad38,free,perant,S7,8.0
dyad38,free,perant,S8,3.146
dyad38,free,perant,S9,2.08
dyad38,free,perant,S10,6.929
dyad38,free,perant,S11,5.679
dyad38,free,perant,S12,6.23
dyad38,free,perant,S13,7.853
dyad38,free,perant,S14,6.417
dyad38,free,perant,S15,8.289
dyad38,free,perant,S16,7.322
dyad38,free,perant,S17,7.614
dyad38,free,perant,S18,4.038
dyad38,instruct,baby,S1,1.635
dyad38,instruct,baby,S2,5.803
dyad38,instruct,baby,S3,3.663
dyad38,instruct,baby,S4,5.883
dyad38,instruct,baby,S5,6.098
dyad38,instruct,baby,S6,6.096
dyad38,instruct,baby,S7,3.878
dyad38,instruct,baby,S8,5.554
dyad38,instruct,baby,S9,7.069
dyad38,instruct,baby,S10,6.415
dyad38,instruct,baby,S11,4.141
dyad38,instruct,baby,S12,5.383
dyad38,instruct,baby,S13,3.484
dyad38,instruct,baby,S14,4.864
dyad38,instruct,baby,S15,5.741
dyad38,instruct,baby,S16,1.769
dyad38,instruct,baby,S17,3.549
dyad38,instruct,baby,S18,3.893
dyad38,instruct,perant,S1,5.766
dyad38,instruct,perant,S2,6.653
dyad38,instruct,perant,S3,6.747
dyad38,instruct,perant,S4,6.439
dyad38,instruct,perant,S5,4.926
dyad38,instruct,perant,S6,5.053
dyad38,instruct,perant,S7,4.406
dyad38,instruct,perant,S8,2.821
dyad38,instruct,perant,S9,1.316
dyad38,instruct,perant,S10,6.163
dyad38,instruct,perant,S11,7.152
dyad38,instruct,perant,S12,6.716
dyad38,instruct,perant,S13,6.667
dyad38,instruct,perant,S14,5.787
dyad38,instruct,perant,S15,6.003
dyad38,instruct,perant,S16,5.542
dyad38,instruct,perant,S17,5.81
dyad38,instruct,perant,S18,3.405
dyad39,elicit,baby,S1,4.868
dyad39,elicit,baby,S2,8.12
dyad39,elicit,baby,S3,7.415
dyad39,elicit,baby,S4,6.416
dyad39,elicit,baby,S5,4.863
dyad39,elicit,baby,S6,5.615
dyad39,elicit,baby,S7,8.287
dyad39,elicit,baby,S8,8.99
dyad39,elicit,baby,S9,7.864
dyad39,elicit,baby,S10,5.793
dyad39,elicit,baby,S11,5.69
dyad39,elicit,baby,S12,5.965
dyad39,elicit,baby,S13,5.207
dyad39,elicit,baby,S14,6.82
dyad39,elicit,baby,S15,5.439
dyad39,elicit,baby,S16,5.728
dyad39,elicit,baby,S17,5.177
dyad39,elicit,baby,S18,5.152
dyad39,elicit,perant,S1,5.58
dyad39,elicit,perant,S2,1.387
dyad39,elicit,perant,S3,6.05
dyad39,elicit,perant,S4,3.649
dyad39,elicit,perant,S5,2.776
dyad39,elicit,perant,S6,1.0
dyad39,elicit,perant,S7,1.0
dyad39,elicit,perant,S8,6.99
dyad39,elicit,perant,S9,4.184
dyad39,elicit,perant,S10,6.987
dyad39,elicit,perant,S11,4.409
dyad39,elicit,perant,S12,5.958
dyad39,elicit,perant,S13,3.752
dyad39,elicit,perant,S14,6.479
dyad39,elicit,perant,S15,6.509
dyad39,elicit,perant,S16,7.003
dyad39,elicit,perant,S17,7.446
dyad39,elicit,perant,S18,4.314
dyad39,free,baby,S1,3.083
dyad39,free,baby,S2,5.329
dyad39,free,baby,S3,7.196
dyad39,free,baby,S4,7.385
dyad39,free,baby,S5,4.941
dyad39,free,baby,S6,3.252
dyad39,free,baby,S7,5.765
dyad39,free,baby,S8,4.619
dyad39,free,baby,S9,6.183
dyad39,free,baby,S10,6.165
dyad39,free,baby,S11,3.482
dyad39,free,baby,S12,4.372
dyad39,free,baby,S13,5.02
dyad39,free,baby,S14,4.524
dyad39,free,baby,S15,4.766
dyad39,free,baby,S16,5.477
dyad39,free,baby,S17,5.732
dyad39,free,baby,S18,4.391
dyad39,free,perant,S1,3.885
dyad39,free,perant,S2,2.079
dyad39,free,perant,S3,4.859
dyad39,free,perant,S4,2.686
dyad39,free,perant,S5,3.383
dyad39,free,perant,S6,1.0
dyad39,free,perant,S7,1.0
dyad39,free,perant,S8,3.902
dyad39,free,perant,S9,3.16
dyad39,free,perant,S10,3.791
dyad39,free,perant,S11,4.297
dyad39,free,perant,S12,3.77
dyad39,free,perant,S13,3.215
dyad39,free,perant,S14,5.28
dyad39,free,perant,S15,5.644
dyad39,free,perant,S16,4.669
dyad39,free,perant,S17,5.251
dyad39,free,perant,S18,4.293
dyad39,instruct,baby,S1,5.2
dyad39,instruct,baby,S2,4.77
dyad39,instruct,baby,S3,9.248
dyad39,instruct,baby,S4,7.119
dyad39,instruct,baby,S5,8.455
dyad39,instruct,baby,S6,5.016
dyad39,instruct,baby,S7,8.677
dyad39,instruct,baby,S8,8.688
dyad39,instruct,baby,S9,9.386
dyad39,instruct,baby,S10,6.716
dyad39,instruct,baby,S11,3.3
dyad39,instruct,baby,S12,7.355
dyad39,instruct,baby,S13,6.472
dyad39,instruct,baby,S14,8.271
dyad39,instruct,baby,S15,5.031
dyad39,instruct,baby,S16,7.534
dyad39,instruct,baby,S17,6.724
dyad39,instruct,baby,S18,5.136
dyad39,instruct,perant,S1,4.584
dyad39,instruct,perant,S2,2.063
dyad39,instruct,perant,S3,4.738
dyad39,instruct,perant,S4,4.396
dyad39,instruct,perant,S5,2.424
dyad39,instruct,perant,S6,1.0
dyad39,instruct,perant,S7,1.0
dyad39,instruct,perant,S8,4.822
dyad39,instruct,perant,S9,4.37
dyad39,instruct,perant,S10,4.919
dyad39,instruct,perant,S11,3.846
dyad39,instruct,perant,S12,5.23
dyad39,instruct,perant,S13,3.211
dyad39,instruct,perant,S14,5.683
dyad39,instruct,perant,S15,5.067
dyad39,instruct,perant,S16,3.913
dyad39,instruct,perant,S17,5.655
dyad39,instruct,perant,S18,4.067
dyad3,elicit,baby,S1,2.005
dyad3,elicit,baby,S2,2.837
dyad3,elicit,baby,S3,2.887
dyad3,elicit,baby,S4,2.046
dyad3,elicit,baby,S5,2.156
dyad3,elicit,baby,S6,2.642
dyad3,elicit,baby,S7,4.219
dyad3,elicit,baby,S8,3.021
dyad3,elicit,baby,S9,3.709
dyad3,elicit,baby,S10,2.848
dyad3,elicit,baby,S11,4.137
dyad3,elicit,baby,S12,3.982
dyad3,elicit,baby,S13,4.004
dyad3,elicit,baby,S14,3.585
dyad3,elicit,baby,S15,5.408
dyad3,elicit,baby,S16,3.408
dyad3,elicit,baby,S17,4.127
dyad3,elicit,baby,S18,3.166
dyad3,elicit,perant,S1,7.744
dyad3,elicit,perant,S2,5.408
dyad3,elicit,perant,S3,6.604
dyad3,elicit,perant,S4,3.994
dyad3,elicit,perant,S5,6.78
dyad3,elicit,perant,S6,3.352
dyad3,elicit,perant,S7,2.996
dyad3,elicit,perant,S8,7.722
dyad3,elicit,perant,S9,2.122
dyad3,elicit,perant,S10,6.803
dyad3,elicit,perant,S11,7.612
dyad3,elicit,perant,S12,6.995
dyad3,elicit,perant,S13,7.888
dyad3,elicit,perant,S14,5.262
dyad3,elicit,perant,S15,7.391
dyad3,elicit,perant,S16,6.815
dyad3,elicit,perant,S17,7.719
dyad3,elicit,perant,S18,3.98
dyad3,free,baby,S1,2.873
dyad3,free,baby,S2,4.46
dyad3,free,baby,S3,4.209
dyad3,free,baby,S4,3.056
dyad3,free,baby,S5,6.159
dyad3,free,baby,S6,2.578
dyad3,free,baby,S7,2.395
dyad3,free,baby,S8,2.559
dyad3,free,baby,S9,4.578
dyad3,free,baby,S10,4.164
dyad3,free,baby,S11,4.19
dyad3,free,baby,S12,4.589
dyad3,free,baby,S13,3.832
dyad3,free,baby,S14,3.257
dyad3,free,baby,S15,3.158
dyad3,free,baby,S16,2.175
dyad3,free,baby,S17,4.715
dyad3,free,baby,S18,3.489
dyad3,free,perant,S1,4.578
dyad3,free,perant,S2,7.69
dyad3,free,perant,S3,5.652
dyad3,free,perant,S4,6.582
dyad3,free,perant,S5,6.369
dyad3,free,perant,S6,6.243
dyad3,free,perant,S7,6.933
dyad3,free,perant,S8,4.764
dyad3,free,perant,S9,2.84
dyad3,free,perant,S10,8.419
dyad3,free,perant,S11,5.226
dyad3,free,perant,S12,6.227
dyad3,free,perant,S13,8.614
dyad3,free,perant,S14,5.918
dyad3,free,perant,S15,6.967
dyad3,free,perant,S16,7.741
dyad3,free,perant,S17,7.639
dyad3,free,perant,S18,7.512
dyad3,instruct,baby,S1,5.808
dyad3,instruct,baby,S2,7.202
dyad3,instruct,baby,S3,4.266
dyad3,instruct,baby,S4,6.108
dyad3,instruct,baby,S5,7.45
dyad3,instruct,baby,S6,2.671
dyad3,instruct,baby,S7,2.585
dyad3,instruct,baby,S8,6.181
dyad3,instruct,baby,S9,7.202
dyad3,instruct,baby,S10,3.826
dyad3,instruct,baby,S11,3.866
dyad3,instruct,baby,S12,7.337
dyad3,instruct,baby,S13,5.072
dyad3,instruct,baby,S14,7.19
dyad3,instruct,baby,S15,7.194
dyad3,instruct,baby,S16,6.609
dyad3,instruct,baby,S17,8.157
dyad3,instruct,baby,S18,6.787
dyad3,instruct,perant,S1,3.059
dyad3,instruct,perant,S2,8.326
dyad3,instruct,perant,S3,4.369
dyad3,instruct,perant,S4,6.118
dyad3,instruct,perant,S5,5.22
dyad3,instruct,perant,S6,6.996
dyad3,instruct,perant,S7,5.456
dyad3,instruct,perant,S8,3.037
dyad3,instruct,perant,S9,1.777
dyad3,instruct,perant,S10,5.952
dyad3,instruct,perant,S11,5.923
dyad3,instruct,perant,S12,6.958
dyad3,instruct,perant,S13,7.856
dyad3,instruct,perant,S14,6.815
dyad3,instruct,perant,S15,8.003
dyad3,instruct,perant,S16,8.372
dyad3,instruct,perant,S17,4.254
dyad3,instruct,perant,S18,8.13
dyad48,elicit,baby,S1,4.148
dyad48,elicit,baby,S2,6.315
dyad48,elicit,baby,S3,6.942
dyad48,elicit,baby,S4,6.911
dyad48,elicit,baby,S5,6.88
dyad48,elicit,baby,S6,7.019
dyad48,elicit,baby,S7,2.213
dyad48,elicit,baby,S8,6.208
dyad48,elicit,baby,S9,4.459
dyad48,elicit,baby,S10,8.988
dyad48,elicit,baby,S11,9.339
dyad48,elicit,baby,S12,8.068
dyad48,elicit,baby,S13,8.659
dyad48,elicit,baby,S14,10.005
dyad48,elicit,baby,S15,7.625
dyad48,elicit,baby,S16,8.011
dyad48,elicit,baby,S17,4.704
dyad48,elicit,baby,S18,8.606
dyad48,elicit,perant,S1,3.982
dyad48,elicit,perant,S2,4.223
dyad48,elicit,perant,S3,4.465
dyad48,elicit,perant,S4,3.558
dyad48,elicit,perant,S5,4.107
dyad48,elicit,perant,S6,4.805
dyad48,elicit,perant,S7,5.02
dyad48,elicit,perant,S8,3.798
dyad48,elicit,perant,S9,5.575
dyad48,elicit,perant,S10,3.245
dyad48,elicit,perant,S11,3.719
dyad48,elicit,perant,S12,2.746
dyad48,elicit,perant,S13,3.563
dyad48,elicit,perant,S14,4.205
dyad48,elicit,perant,S15,4.32
dyad48,elicit,perant,S16,4.41
dyad48,elicit,perant,S17,4.446
dyad48,elicit,perant,S18,4.142
dyad48,free,baby,S1,7.59
dyad48,free,baby,S2,8.534
dyad48,free,baby,S3,6.974
dyad48,free,baby,S4,7.275
dyad48,free,baby,S5,7.428
dyad48,free,baby,S6,7.245
dyad48,free,baby,S7,6.334
dyad48,free,baby,S8,5.188
dyad48,free,baby,S9,8.614
dyad48,free,baby,S10,10.219
dyad48,free,baby,S11,10.75
dyad48,free,baby,S12,8.586
dyad48,free,baby,S13,8.63
dyad48,free,baby,S14,9.197
dyad48,free,baby,S15,9.001
dyad48,free,baby,S16,6.701
dyad48,free,baby,S17,6.087
dyad48,free,baby,S18,8.119
dyad48,free,perant,S1,5.251
dyad48,free,perant,S2,5.14
dyad48,free,perant,S3,4.798
dyad48,free,perant,S4,5.032
dyad48,free,perant,S5,3.653
dyad48,free,perant,S6,3.983
dyad48,free,perant,S7,3.901
dyad48,free,perant,S8,4.024
dyad48,free,perant,S9,5.176
dyad48,free,perant,S10,4.55
dyad48,free,perant,S11,4.429
dyad48,free,perant,S12,4.774
dyad48,free,perant,S13,5.467
dyad48,free,perant,S14,3.83
dyad48,free,perant,S15,5.751
dyad48,free,perant,S16,4.874
dyad48,free,perant,S17,5.14
dyad48,free,perant,S18,4.905
dyad48,instruct,baby,S1,2.033
dyad48,instruct,baby,S2,4.212
dyad48,instruct,baby,S3,8.31
dyad48,instruct,baby,S4,8.257
dyad48,instruct,baby,S5,8.547
dyad48,instruct,baby,S6,4.696
dyad48,instruct,baby,S7,3.846
dyad48,instruct,baby,S8,5.266
dyad48,instruct,baby,S9,7.27
dyad48,instruct,baby,S10,9.513
dyad48,instruct,baby,S11,9.332
dyad48,instruct,baby,S12,4.838
dyad48,instruct,baby,S13,8.029
dyad48,instruct,baby,S14,9.112
dyad48,instruct,baby,S15,6.764
dyad48,instruct,baby,S16,8.06
dyad48,instruct,baby,S17,8.602
dyad48,instruct,baby,S18,7.659
dyad48,instruct,perant,S1,4.352
dyad48,instruct,perant,S2,4.666
dyad48,instruct,perant,S3,3.542
dyad48,instruct,perant,S4,4.331
dyad48,instruct,perant,S5,3.745
dyad48,instruct,perant,S6,4.638
dyad48,instruct,perant,S7,3.511
dyad48,instruct,perant,S8,4.443
dyad48,instruct,perant,S9,4.105
dyad48,instruct,perant,S10,2.584
dyad48,instruct,perant,S11,3.874
dyad48,instruct,perant,S12,3.799
dyad48,instruct,perant,S13,4.582
dyad48,instruct,perant,S14,3.211
dyad48,instruct,perant,S15,4.174
dyad48,instruct,perant,S16,4.243
dyad48,instruct,perant,S17,4.167
dyad48,instruct,perant,S18,3.872
dyad4,elicit,baby,S1,1.0
dyad4,elicit,baby,S2,1.0
dyad4,elicit,baby,S3,6.789
dyad4,elicit,baby,S4,6.215
dyad4,elicit,baby,S5,8.74
dyad4,elicit,baby,S6,4.942
dyad4,elicit,baby,S7,6.223
dyad4,elicit,baby,S8,6.125
dyad4,elicit,baby,S9,7.223
dyad4,elicit,baby,S10,7.558
dyad4,elicit,baby,S11,6.048
dyad4,elicit,baby,S12,6.465
dyad4,elicit,baby,S13,4.754
dyad4,elicit,baby,S14,6.477
dyad4,elicit,baby,S15,7.235
dyad4,elicit,baby,S16,6.991
dyad4,elicit,baby,S17,8.538
dyad4,elicit,baby,S18,6.705
dyad4,elicit,perant,S1,6.226
dyad4,elicit,perant,S2,4.448
dyad4,elicit,perant,S3,3.557
dyad4,elicit,perant,S4,6.728
dyad4,elicit,perant,S5,3.225
dyad4,elicit,perant,S6,4.955
dyad4,elicit,perant,S7,5.768
dyad4,elicit,perant,S8,5.017
dyad4,elicit,perant,S9,7.635
dyad4,elicit,perant,S10,5.848
dyad4,elicit,perant,S11,2.747
dyad4,elicit,perant,S12,7.416
dyad4,elicit,perant,S13,4.755
dyad4,elicit,perant,S14,4.518
dyad4,elicit,perant,S15,6.025
dyad4,elicit,perant,S16,4.069
dyad4,elicit,perant,S17,6.683
dyad4,elicit,perant,S18,6.274
dyad4,free,baby,S1,1.429
dyad4,free,baby,S2,1.429
dyad4,free,baby,S3,6.62
dyad4,free,baby,S4,6.635
dyad4,free,baby,S5,7.478
dyad4,free,baby,S6,6.805
dyad4,free,baby,S7,6.51
dyad4,free,baby,S8,6.948
dyad4,free,baby,S9,7.63
dyad4,free,baby,S10,6.566
dyad4,free,baby,S11,4.024
dyad4,free,baby,S12,6.445
dyad4,free,baby,S13,5.352
dyad4,free,baby,S14,5.711
dyad4,free,baby,S15,5.538
dyad4,free,baby,S16,5.024
dyad4,free,baby,S17,3.73
dyad4,free,baby,S18,5.349
dyad4,free,perant,S1,6.668
dyad4,free,perant,S2,5.292
dyad4,free,perant,S3,5.417
dyad4,free,perant,S4,6.666
dyad4,free,perant,S5,4.709
dyad4,free,perant,S6,3.141
dyad4,free,perant,S7,5.534
dyad4,free,perant,S8,4.314
dyad4,free,perant,S9,4.89
dyad4,free,perant,S10,5.799
dyad4,free,perant,S11,3.504
dyad4,free,perant,S12,5.952
dyad4,free,perant,S13,5.901
dyad4,free,perant,S14,5.798
dyad4,free,perant,S15,3.846
dyad4,free,perant,S16,2.752
dyad4,free,perant,S17,6.95
dyad4,free,perant,S18,6.105
dyad4,instruct,baby,S1,1.303
dyad4,instruct,baby,S2,1.303
dyad4,instruct,baby,S3,7.696
dyad4,instruct,baby,S4,5.237
dyad4,instruct,baby,S5,8.853
dyad4,instruct,baby,S6,7.309
dyad4,instruct,baby,S7,5.254
dyad4,instruct,baby,S8,6.106
dyad4,instruct,baby,S9,8.368
dyad4,instruct,baby,S10,5.098
dyad4,instruct,baby,S11,6.304
dyad4,instruct,baby,S12,8.334
dyad4,instruct,baby,S13,7.934
dyad4,instruct,baby,S14,8.041
dyad4,instruct,baby,S15,7.725
dyad4,instruct,baby,S16,7.871
dyad4,instruct,baby,S17,6.778
dyad4,instruct,baby,S18,8.488
dyad4,instruct,perant,S1,6.363
dyad4,instruct,perant,S2,4.929
dyad4,instruct,perant,S3,3.628
dyad4,instruct,perant,S4,7.136
dyad4,instruct,perant,S5,4.772
dyad4,instruct,perant,S6,3.948
dyad4,instruct,perant,S7,6.75
dyad4,instruct,perant,S8,5.316
dyad4,instruct,perant,S9,6.147
dyad4,instruct,perant,S10,5.902
dyad4,instruct,perant,S11,3.348
dyad4,instruct,perant,S12,7.202
dyad4,instruct,perant,S13,7.269
dyad4,instruct,perant,S14,7.04
dyad4,instruct,perant,S15,6.105
dyad4,instruct,perant,S16,4.455
dyad4,instruct,perant,S17,5.94
dyad4,instruct,perant,S18,5.743
dyad51,elicit,baby,S1,8.711
dyad51,elicit,baby,S2,10.468
dyad51,elicit,baby,S3,10.589
dyad51,elicit,baby,S4,8.238
dyad51,elicit,baby,S5,9.442
dyad51,elicit,baby,S6,9.986
dyad51,elicit,baby,S7,7.0
dyad51,elicit,baby,S8,9.742
dyad51,elicit,baby,S9,11.339
dyad51,elicit,baby,S10,8.628
dyad51,elicit,baby,S11,10.654
dyad51,elicit,baby,S12,7.971
dyad51,elicit,baby,S13,9.923
dyad51,elicit,baby,S14,9.816
dyad51,elicit,baby,S15,9.759
dyad51,elicit,baby,S16,9.708
dyad51,elicit,baby,S17,10.974
dyad51,elicit,baby,S18,9.948
dyad51,elicit,perant,S1,3.246
dyad51,elicit,perant,S2,4.342
dyad51,elicit,perant,S3,4.031
dyad51,elicit,perant,S4,4.645
dyad51,elicit,perant,S5,4.742
dyad51,elicit,perant,S6,4.897
dyad51,elicit,perant,S7,4.843
dyad51,elicit,perant,S8,4.595
dyad51,elicit,perant,S9,5.596
dyad51,elicit,perant,S10,3.599
dyad51,elicit,perant,S11,5.742
dyad51,elicit,perant,S12,5.717
dyad51,elicit,perant,S13,4.833
dyad51,elicit,perant,S14,5.771
dyad51,elicit,perant,S15,5.124
dyad51,elicit,perant,S16,3.928
dyad51,elicit,perant,S17,5.494
dyad51,elicit,perant,S18,5.083
dyad51,free,baby,S1,6.846
dyad51,free,baby,S2,9.483
dyad51,free,baby,S3,7.629
dyad51,free,baby,S4,10.221
dyad51,free,baby,S5,8.643
dyad51,free,baby,S6,4.881
dyad51,free,baby,S7,5.998
dyad51,free,baby,S8,9.0
dyad51,free,baby,S9,10.587
dyad51,free,baby,S10,8.683
dyad51,free,baby,S11,8.379
dyad51,free,baby,S12,6.072
dyad51,free,baby,S13,8.444
dyad51,free,baby,S14,7.799
dyad51,free,baby,S15,8.368
dyad51,free,baby,S16,6.858
dyad51,free,baby,S17,10.227
dyad51,free,baby,S18,6.052
dyad51,free,perant,S1,3.186
dyad51,free,perant,S2,3.764
dyad51,free,perant,S3,2.528
dyad51,free,perant,S4,5.904
dyad51,free,perant,S5,7.06
dyad51,free,perant,S6,3.935
dyad51,free,perant,S7,3.781
dyad51,free,perant,S8,4.558
dyad51,free,perant,S9,4.103
dyad51,free,perant,S10,4.814
dyad51,free,perant,S11,4.194
dyad51,free,perant,S12,6.761
dyad51,free,perant,S13,3.593
dyad51,free,perant,S14,6.754
dyad51,free,perant,S15,5.393
dyad51,free,perant,S16,5.012
dyad51,free,perant,S17,6.874
dyad51,free,perant,S18,4.819
dyad51,instruct,baby,S1,12.474
dyad51,instruct,baby,S2,12.06
dyad51,instruct,baby,S3,10.776
dyad51,instruct,baby,S4,11.725
dyad51,instruct,baby,S5,10.393
dyad51,instruct,baby,S6,7.976
dyad51,instruct,baby,S7,8.251
dyad51,instruct,baby,S8,9.614
dyad51,instruct,baby,S9,10.376
dyad51,instruct,baby,S10,10.653
dyad51,instruct,baby,S11,11.416
dyad51,instruct,baby,S12,9.024
dyad51,instruct,baby,S13,11.016
dyad51,instruct,baby,S14,10.168
dyad51,instruct,baby,S15,11.448
dyad51,instruct,baby,S16,9.223
dyad51,instruct,baby,S17,12.424
dyad51,instruct,baby,S18,9.231
dyad51,instruct,perant,S1,2.752
dyad51,instruct,perant,S2,3.781
dyad51,instruct,perant,S3,4.938
dyad51,instruct,perant,S4,4.61
dyad51,instruct,perant,S5,4.648
dyad51,instruct,perant,S6,4.555
dyad51,instruct,perant,S7,4.572
dyad51,instruct,perant,S8,3.582
dyad51,instruct,perant,S9,3.948
dyad51,instruct,perant,S10,5.095
dyad51,instruct,perant,S11,3.74
dyad51,instruct,perant,S12,5.704
dyad51,instruct,perant,S13,4.403
dyad51,instruct,perant,S14,5.689
dyad51,instruct,perant,S15,5.857
dyad51,instruct,perant,S16,3.121
dyad51,instruct,perant,S17,5.311
dyad51,instruct,perant,S18,2.947
dyad57,elicit,baby,S1,3.334
dyad57,elicit,baby,S2,1.0
dyad57,elicit,baby,S3,4.738
dyad57,elicit,baby,S4,3.064
dyad57,elicit,baby,S5,5.15
dyad57,elicit,baby,S6,5.315
dyad57,elicit,baby,S7,5.467
dyad57,elicit,baby,S8,5.718
dyad57,elicit,baby,S9,6.301
dyad57,elicit,baby,S10,4.085
dyad57,elicit,baby,S11,2.464
dyad57,elicit,baby,S12,3.457
dyad57,elicit,baby,S13,1.319
dyad57,elicit,baby,S14,2.94
dyad57,elicit,baby,S15,2.963
dyad57,elicit,baby,S16,5.042
dyad57,elicit,baby,S17,5.306
dyad57,elicit,baby,S18,4.435
dyad57,elicit,perant,S1,5.951
dyad57,elicit,perant,S2,3.408
dyad57,elicit,perant,S3,5.186
dyad57,elicit,perant,S4,2.463
dyad57,elicit,perant,S5,5.809
dyad57,elicit,perant,S6,4.816
dyad57,elicit,perant,S7,3.704
dyad57,elicit,perant,S8,4.64
dyad57,elicit,perant,S9,4.143
dyad57,elicit,perant,S10,6.218
dyad57,elicit,perant,S11,4.506
dyad57,elicit,perant,S12,5.506
dyad57,elicit,perant,S13,4.141
dyad57,elicit,perant,S14,5.687
dyad57,elicit,perant,S15,4.752
dyad57,elicit,perant,S16,5.907
dyad57,elicit,perant,S17,5.911
dyad57,elicit,perant,S18,5.228
dyad57,free,baby,S1,5.027
dyad57,free,baby,S2,2.274
dyad57,free,baby,S3,5.591
dyad57,free,baby,S4,5.914
dyad57,free,baby,S5,4.199
dyad57,free,baby,S6,6.554
dyad57,free,baby,S7,6.918
dyad57,free,baby,S8,5.344
dyad57,free,baby,S9,4.671
dyad57,free,baby,S10,3.38
dyad57,free,baby,S11,2.667
dyad57,free,baby,S12,2.658
dyad57,free,baby,S13,2.536
dyad57,free,baby,S14,2.953
dyad57,free,baby,S15,4.813
dyad57,free,baby,S16,4.985
dyad57,free,baby,S17,4.52
dyad57,free,baby,S18,3.753
dyad57,free,perant,S1,3.775
dyad57,free,perant,S2,4.061
dyad57,free,perant,S3,2.995
dyad57,free,perant,S4,3.634
dyad57,free,perant,S5,4.203
dyad57,free,perant,S6,3.613
dyad57,free,perant,S7,3.86
dyad57,free,perant,S8,3.098
dyad57,free,perant,S9,4.191
dyad57,free,perant,S10,3.869
dyad57,free,perant,S11,4.19
dyad57,free,perant,S12,4.73
dyad57,free,perant,S13,3.474
dyad57,free,perant,S14,3.017
dyad57,free,perant,S15,2.787
dyad57,free,perant,S16,4.548
dyad57,free,perant,S17,2.859
dyad57,free,perant,S18,3.273
dyad57,instruct,baby,S1,2.453
dyad57,instruct,baby,S2,3.166
dyad57,instruct,baby,S3,3.239
dyad57,instruct,baby,S4,3.235
dyad57,instruct,baby,S5,6.184
dyad57,instruct,baby,S6,5.002
dyad57,instruct,baby,S7,6.918
dyad57,instruct,baby,S8,4.899
dyad57,instruct,baby,S9,2.574
dyad57,instruct,baby,S10,3.343
dyad57,instruct,baby,S11,4.597
dyad57,instruct,baby,S12,6.369
dyad57,instruct,baby,S13,2.302
dyad57,instruct,baby,S14,6.185
dyad57,instruct,baby,S15,6.745
dyad57,instruct,baby,S16,6.104
dyad57,instruct,baby,S17,6.023
dyad57,instruct,baby,S18,6.978
dyad57,instruct,perant,S1,3.884
dyad57,instruct,perant,S2,5.368
dyad57,instruct,perant,S3,4.25
dyad57,instruct,perant,S4,4.514
dyad57,instruct,perant,S5,4.736
dyad57,instruct,perant,S6,2.293
dyad57,instruct,perant,S7,2.943
dyad57,instruct,perant,S8,6.664
dyad57,instruct,perant,S9,3.801
dyad57,instruct,perant,S10,7.323
dyad57,instruct,perant,S11,2.748
dyad57,instruct,perant,S12,5.215
dyad57,instruct,perant,S13,5.494
dyad57,instruct,perant,S14,3.006
dyad57,instruct,perant,S15,5.28
dyad57,instruct,perant,S16,7.97
dyad57,instruct,perant,S17,5.549
dyad57,instruct,perant,S18,5.221
dyad58,elicit,baby,S1,3.451
dyad58,elicit,baby,S2,1.94
dyad58,elicit,baby,S3,12.575
dyad58,elicit,baby,S4,10.172
dyad58,elicit,baby,S5,11.538
dyad58,elicit,baby,S6,12.087
dyad58,elicit,baby,S7,12.384
dyad58,elicit,baby,S8,11.704
dyad58,elicit,baby,S9,10.665
dyad58,elicit,baby,S10,11.212
dyad58,elicit,baby,S11,11.992
dyad58,elicit,baby,S12,11.666
dyad58,elicit,baby,S13,10.692
dyad58,elicit,baby,S14,8.851
dyad58,elicit,baby,S15,12.566
dyad58,elicit,baby,S16,12.09
dyad58,elicit,baby,S17,12.339
dyad58,elicit,baby,S18,12.236
dyad58,elicit,perant,S1,8.643
dyad58,elicit,perant,S2,6.448
dyad58,elicit,perant,S3,6.512
dyad58,elicit,perant,S4,6.03
dyad58,elicit,perant,S5,8.25
dyad58,elicit,perant,S6,1.667
dyad58,elicit,perant,S7,2.591
dyad58,elicit,perant,S8,8.719
dyad58,elicit,perant,S9,5.649
dyad58,elicit,perant,S10,8.487
dyad58,elicit,perant,S11,9.166
dyad58,elicit,perant,S12,8.41
dyad58,elicit,perant,S13,8.863
dyad58,elicit,perant,S14,8.176
dyad58,elicit,perant,S15,8.265
dyad58,elicit,perant,S16,2.185
dyad58,elicit,perant,S17,8.702
dyad58,elicit,perant,S18,2.498
dyad58,free,baby,S1,8.916
dyad58,free,baby,S2,1.0
dyad58,free,baby,S3,13.128
dyad58,free,baby,S4,12.225
dyad58,free,baby,S5,11.514
dyad58,free,baby,S6,12.461
dyad58,free,baby,S7,11.797
dyad58,free,baby,S8,12.386
dyad58,free,baby,S9,12.16
dyad58,free,baby,S10,10.456
dyad58,free,baby,S11,12.959
dyad58,free,baby,S12,11.536
dyad58,free,baby,S13,12.012
dyad58,free,baby,S14,11.329
dyad58,free,baby,S15,12.655
dyad58,free,baby,S16,11.692
dyad58,free,baby,S17,12.063
dyad58,free,baby,S18,10.322
dyad58,free,perant,S1,2.981
dyad58,free,perant,S2,5.382
dyad58,free,perant,S3,4.744
dyad58,free,perant,S4,3.807
dyad58,free,perant,S5,4.985
dyad58,free,perant,S6,3.28
dyad58,free,perant,S7,3.635
dyad58,free,perant,S8,3.885
dyad58,free,perant,S9,2.416
dyad58,free,perant,S10,5.162
dyad58,free,perant,S11,5.638
dyad58,free,perant,S12,4.691
dyad58,free,perant,S13,4.527
dyad58,free,perant,S14,5.56
dyad58,free,perant,S15,6.981
dyad58,free,perant,S16,3.053
dyad58,free,perant,S17,5.484
dyad58,free,perant,S18,4.102
dyad58,instruct,baby,S1,3.413
dyad58,instruct,baby,S2,2.413
dyad58,instruct,baby,S3,7.015
dyad58,instruct,baby,S4,6.426
dyad58,instruct,baby,S5,6.964
dyad58,instruct,baby,S6,6.53
dyad58,instruct,baby,S7,5.107
dyad58,instruct,baby,S8,6.974
dyad58,instruct,baby,S9,7.483
dyad58,instruct,baby,S10,2.372
dyad58,instruct,baby,S11,6.099
dyad58,instruct,baby,S12,7.143
dyad58,instruct,baby,S13,3.986
dyad58,instruct,baby,S14,4.284
dyad58,instruct,baby,S15,6.467
dyad58,instruct,baby,S16,7.339
dyad58,instruct,baby,S17,5.714
dyad58,instruct,baby,S18,4.918
dyad58,instruct,perant,S1,4.512
dyad58,instruct,perant,S2,3.187
dyad58,instruct,perant,S3,6.171
dyad58,instruct,perant,S4,5.065
dyad58,instruct,perant,S5,6.851
dyad58,instruct,perant,S6,6.994
dyad58,instruct,perant,S7,2.846
dyad58,instruct,perant,S8,8.147
dyad58,instruct,perant,S9,5.215
dyad58,instruct,perant,S10,8.156
dyad58,instruct,perant,S11,7.113
dyad58,instruct,perant,S12,7.208
dyad58,instruct,perant,S13,6.279
dyad58,instruct,perant,S14,8.761
dyad58,instruct,perant,S15,7.937
dyad58,instruct,perant,S16,2.726
dyad58,instruct,perant,S17,7.183
dyad58,instruct,perant,S18,2.421
dyad59,elicit,baby,S1,1.0
dyad59,elicit,baby,S2,1.0
dyad59,elicit,baby,S3,4.718
dyad59,elicit,baby,S4,6.103
dyad59,elicit,baby,S5,6.64
dyad59,elicit,baby,S6,7.418
dyad59,elicit,baby,S7,8.538
dyad59,elicit,baby,S8,7.836
dyad59,elicit,baby,S9,4.795
dyad59,elicit,baby,S10,5.326
dyad59,elicit,baby,S11,6.645
dyad59,elicit,baby,S12,8.047
dyad59,elicit,baby,S13,7.181
dyad59,elicit,baby,S14,7.216
dyad59,elicit,baby,S15,6.323
dyad59,elicit,baby,S16,6.137
dyad59,elicit,baby,S17,4.94
dyad59,elicit,baby,S18,4.856
dyad59,elicit,perant,S1,6.681
dyad59,elicit,perant,S2,2.124
dyad59,elicit,perant,S3,1.0
dyad59,elicit,perant,S4,1.0
dyad59,elicit,perant,S5,4.649
dyad59,elicit,perant,S6,7.12
dyad59,elicit,perant,S7,4.922
dyad59,elicit,perant,S8,4.667
dyad59,elicit,perant,S9,1.0
dyad59,elicit,perant,S10,5.358
dyad59,elicit,perant,S11,4.567
dyad59,elicit,perant,S12,5.313
dyad59,elicit,perant,S13,5.629
dyad59,elicit,perant,S14,5.89
dyad59,elicit,perant,S15,4.356
dyad59,elicit,perant,S16,7.6
dyad59,elicit,perant,S17,6.254
dyad59,elicit,perant,S18,8.036
dyad59,free,baby,S1,1.0
dyad59,free,baby,S2,1.0
dyad59,free,baby,S3,7.117
dyad59,free,baby,S4,5.287
dyad59,free,baby,S5,7.269
dyad59,free,baby,S6,9.097
dyad59,free,baby,S7,8.765
dyad59,free,baby,S8,8.629
dyad59,free,baby,S9,7.622
dyad59,free,baby,S10,8.5
dyad59,free,baby,S11,3.959
dyad59,free,baby,S12,8.634
dyad59,free,baby,S13,6.762
dyad59,free,baby,S14,7.695
dyad59,free,baby,S15,4.925
dyad59,free,baby,S16,8.141
dyad59,free,baby,S17,3.971
dyad59,free,baby,S18,7.396
dyad59,free,perant,S1,8.058
dyad59,free,perant,S2,2.72
dyad59,free,perant,S3,1.0
dyad59,free,perant,S4,1.0
dyad59,free,perant,S5,2.867
dyad59,free,perant,S6,8.238
dyad59,free,perant,S7,7.066
dyad59,free,perant,S8,4.197
dyad59,free,perant,S9,1.0
dyad59,free,perant,S10,6.935
dyad59,free,perant,S11,5.872
dyad59,free,perant,S12,8.3
dyad59,free,perant,S13,5.587
dyad59,free,perant,S14,6.748
dyad59,free,perant,S15,5.947
dyad59,free,perant,S16,7.586
dyad59,free,perant,S17,6.818
dyad59,free,perant,S18,7.839
dyad59,instruct,baby,S1,1.0
dyad59,instruct,baby,S2,1.312
dyad59,instruct,baby,S3,5.106
dyad59,instruct,baby,S4,4.071
dyad59,instruct,baby,S5,5.9
dyad59,instruct,baby,S6,4.916
dyad59,instruct,baby,S7,5.145
dyad59,instruct,baby,S8,5.983
dyad59,instruct,baby,S9,4.944
dyad59,instruct,baby,S10,4.224
dyad59,instruct,baby,S11,5.153
dyad59,instruct,baby,S12,5.812
dyad59,instruct,baby,S13,3.879
dyad59,instruct,baby,S14,5.962
dyad59,instruct,baby,S15,4.337
dyad59,instruct,baby,S16,3.588
dyad59,instruct,baby,S17,4.667
dyad59,instruct,baby,S18,3.454
dyad59,instruct,perant,S1,5.741
dyad59,instruct,perant,S2,4.787
dyad59,instruct,perant,S3,1.0
dyad59,instruct,perant,S4,1.0
dyad59,instruct,perant,S5,4.737
dyad59,instruct,perant,S6,5.266
dyad59,instruct,perant,S7,4.141
dyad59,instruct,perant,S8,4.733
dyad59,instruct,perant,S9,1.0
dyad59,instruct,perant,S10,5.853
dyad59,instruct,perant,S11,6.027
dyad59,instruct,perant,S12,5.444
dyad59,instruct,perant,S13,4.792
dyad59,instruct,perant,S14,3.812
dyad59,instruct,perant,S15,3.462
dyad59,instruct,perant,S16,3.343
dyad59,instruct,perant,S17,1.717
dyad59,instruct,perant,S18,3.921
dyad5,elicit,baby,S1,4.973
dyad5,elicit,baby,S2,2.837
dyad5,elicit,baby,S3,6.883
dyad5,elicit,baby,S4,6.009
dyad5,elicit,baby,S5,6.38
dyad5,elicit,baby,S6,5.708
dyad5,elicit,baby,S7,4.187
dyad5,elicit,baby,S8,6.257
dyad5,elicit,baby,S9,5.237
dyad5,elicit,baby,S10,2.275
dyad5,elicit,baby,S11,1.837
dyad5,elicit,baby,S12,3.78
dyad5,elicit,baby,S13,1.32
dyad5,elicit,baby,S14,5.432
dyad5,elicit,baby,S15,2.885
dyad5,elicit,baby,S16,6.219
dyad5,elicit,baby,S17,4.138
dyad5,elicit,baby,S18,1.495
dyad5,elicit,perant,S1,1.0
dyad5,elicit,perant,S2,1.0
dyad5,elicit,perant,S3,2.219
dyad5,elicit,perant,S4,4.322
dyad5,elicit,perant,S5,3.714
dyad5,elicit,perant,S6,5.2
dyad5,elicit,perant,S7,1.788
dyad5,elicit,perant,S8,4.604
dyad5,elicit,perant,S9,3.389
dyad5,elicit,perant,S10,3.29
dyad5,elicit,perant,S11,3.115
dyad5,elicit,perant,S12,4.424
dyad5,elicit,perant,S13,3.732
dyad5,elicit,perant,S14,4.288
dyad5,elicit,perant,S15,5.201
dyad5,elicit,perant,S16,2.778
dyad5,elicit,perant,S17,4.721
dyad5,elicit,perant,S18,5.691
dyad5,free,baby,S1,3.123
dyad5,free,baby,S2,5.702
dyad5,free,baby,S3,4.326
dyad5,free,baby,S4,2.666
dyad5,free,baby,S5,3.817
dyad5,free,baby,S6,5.111
dyad5,free,baby,S7,3.547
dyad5,free,baby,S8,5.238
dyad5,free,baby,S9,3.762
dyad5,free,baby,S10,2.281
dyad5,free,baby,S11,4.792
dyad5,free,baby,S12,2.957
dyad5,free,baby,S13,4.168
dyad5,free,baby,S14,4.707
dyad5,free,baby,S15,4.184
dyad5,free,baby,S16,2.996
dyad5,free,baby,S17,4.728
dyad5,free,baby,S18,1.0
dyad5,free,perant,S1,1.0
dyad5,free,perant,S2,1.0
dyad5,free,perant,S3,1.944
dyad5,free,perant,S4,2.645
dyad5,free,perant,S5,2.139
dyad5,free,perant,S6,4.47
dyad5,free,perant,S7,2.618
dyad5,free,perant,S8,4.893
dyad5,free,perant,S9,4.494
dyad5,free,perant,S10,4.7
dyad5,free,perant,S11,2.871
dyad5,free,perant,S12,6.432
dyad5,free,perant,S13,2.429
dyad5,free,perant,S14,5.879
dyad5,free,perant,S15,6.367
dyad5,free,perant,S16,6.093
dyad5,free,perant,S17,5.823
dyad5,free,perant,S18,1.734
dyad5,instruct,baby,S1,5.038
dyad5,instruct,baby,S2,4.263
dyad5,instruct,baby,S3,5.719
dyad5,instruct,baby,S4,6.531
dyad5,instruct,baby,S5,5.267
dyad5,instruct,baby,S6,5.688
dyad5,instruct,baby,S7,3.895
dyad5,instruct,baby,S8,3.062
dyad5,instruct,baby,S9,2.981
dyad5,instruct,baby,S10,4.896
dyad5,instruct,baby,S11,5.416
dyad5,instruct,baby,S12,6.446
dyad5,instruct,baby,S13,3.412
dyad5,instruct,baby,S14,3.859
dyad5,instruct,baby,S15,2.778
dyad5,instruct,baby,S16,5.03
dyad5,instruct,baby,S17,4.361
dyad5,instruct,baby,S18,1.414
dyad5,instruct,perant,S1,1.0
dyad5,instruct,perant,S2,1.395
dyad5,instruct,perant,S3,3.816
dyad5,instruct,perant,S4,5.253
dyad5,instruct,perant,S5,5.477
dyad5,instruct,perant,S6,5.063
dyad5,instruct,perant,S7,4.711
dyad5,instruct,perant,S8,2.157
dyad5,instruct,perant,S9,3.535
dyad5,instruct,perant,S10,4.58
dyad5,instruct,perant,S11,3.962
dyad5,instruct,perant,S12,6.439
dyad5,instruct,perant,S13,4.692
dyad5,instruct,perant,S14,4.7
dyad5,instruct,perant,S15,3.705
dyad5,instruct,perant,S16,4.023
dyad5,instruct,perant,S17,5.892
dyad5,instruct,perant,S18,6.187
